{"cameraMode":{"drawMode":2,"name":"Shaded Wireframe","section":"Shading Mode"},"sceneLighting":true,"audioPlay":false,"sceneViewState":{"showFog":true,"showMaterialUpdate":false,"showSkybox":false,"showFlares":true,"showImageEffects":true,"showParticleSystems":true},"in2DMode":false,"pivot":{"x":32.47159957885742,"y":3.8224172592163088,"z":2.551947593688965},"rotation":{"x":0.3367612361907959,"y":-0.5133140087127686,"z":0.22881636023521424,"w":0.7554757595062256},"size":25.778697967529298,"orthographic":true}