{"cameraMode":{"drawMode":2,"name":"Shaded Wireframe","section":"Shading Mode"},"sceneLighting":true,"audioPlay":false,"sceneViewState":{"showFog":true,"showMaterialUpdate":false,"showSkybox":false,"showFlares":true,"showImageEffects":true,"showParticleSystems":true},"in2DMode":false,"pivot":{"x":3.071749687194824,"y":1.7001953125,"z":0.3667743504047394},"rotation":{"x":0.15299507975578309,"y":-0.6982355117797852,"z":0.15674175322055818,"w":0.6815363168716431},"size":8.314813613891602,"orthographic":true}